,question,presupposition,trigger_name,document
0,where did the expression with a grain of salt come from,expression with a grain of salt exists,definite_article,https://en.wikipedia.org//w/index.php?title=Grain_of_salt&amp;oldid=834308797
1,where did the expression with a grain of salt come from,expression with a grain of salt is contextually unique,definite_article,https://en.wikipedia.org//w/index.php?title=Grain_of_salt&amp;oldid=834308797
2,where did the expression with a grain of salt come from,there is some place that the expression with a grain of salt come from,where_question,https://en.wikipedia.org//w/index.php?title=Grain_of_salt&amp;oldid=834308797
3,who are the characters in the black cat,characters in the black cat exists,definite_article,https://en.wikipedia.org//w/index.php?title=List_of_Black_Cat_characters&amp;oldid=828680951
4,who are the characters in the black cat,characters in the black cat is contextually unique,definite_article,https://en.wikipedia.org//w/index.php?title=List_of_Black_Cat_characters&amp;oldid=828680951
5,who are the characters in the black cat,black cat exists,definite_article,https://en.wikipedia.org//w/index.php?title=List_of_Black_Cat_characters&amp;oldid=828680951
6,who are the characters in the black cat,black cat is contextually unique,definite_article,https://en.wikipedia.org//w/index.php?title=List_of_Black_Cat_characters&amp;oldid=828680951
7,who are the characters in the black cat,there is someone that are the characters in the black cat,who_question,https://en.wikipedia.org//w/index.php?title=List_of_Black_Cat_characters&amp;oldid=828680951
8,why must one value in every table be unique,one value in every table be unique,why_question,https://en.wikipedia.org//w/index.php?title=Unique_key&amp;oldid=818710683
9,why must one value in every table be unique,there is some reason that one value in every table be unique,why_question,https://en.wikipedia.org//w/index.php?title=Unique_key&amp;oldid=818710683
10,what does the greek word onta mean in english,greek word exists,definite_article,https://en.wikipedia.org//w/index.php?title=Potentiality_and_actuality&amp;oldid=819114103
11,what does the greek word onta mean in english,greek word is contextually unique,definite_article,https://en.wikipedia.org//w/index.php?title=Potentiality_and_actuality&amp;oldid=819114103
12,what does the greek word onta mean in english,there is something that does the greek word onta mean in english,what_question,https://en.wikipedia.org//w/index.php?title=Potentiality_and_actuality&amp;oldid=819114103
13,when do other cultures celebrate the new year,new year exists,definite_article,https://en.wikipedia.org//w/index.php?title=New_Year&amp;oldid=820237322
14,when do other cultures celebrate the new year,new year is contextually unique,definite_article,https://en.wikipedia.org//w/index.php?title=New_Year&amp;oldid=820237322
15,when do other cultures celebrate the new year,there is some point in time that other cultures celebrate the new year,when_question,https://en.wikipedia.org//w/index.php?title=New_Year&amp;oldid=820237322
16,what happens in a mixture (write two sentences that state what happens in a mixture.),what happens in a mixture,factive_clause_embedding_predicate,https://en.wikipedia.org//w/index.php?title=Mixture&amp;oldid=822306184
17,what happens in a mixture (write two sentences that state what happens in a mixture.),there is something that happens in a mixture write two sentences that state what happens in a mixture,what_question,https://en.wikipedia.org//w/index.php?title=Mixture&amp;oldid=822306184
18,what happens in a mixture (write two sentences that state what happens in a mixture.),there is something that happens in a mixture,what_question,https://en.wikipedia.org//w/index.php?title=Mixture&amp;oldid=822306184
19,what kind of food do you eat on christmas,there is something that kind of food,what_question,https://en.wikipedia.org//w/index.php?title=Christmas_dinner&amp;oldid=821295361
20,what is the meaning of source for historians,meaning of source for historians exists,definite_article,https://en.wikipedia.org//w/index.php?title=Historian&amp;oldid=801314401
21,what is the meaning of source for historians,meaning of source for historians is contextually unique,definite_article,https://en.wikipedia.org//w/index.php?title=Historian&amp;oldid=801314401
22,what is the meaning of source for historians,there is something that is the meaning of source for historians,what_question,https://en.wikipedia.org//w/index.php?title=Historian&amp;oldid=801314401
23,when did the nfl teams join the league,nfl teams exists,definite_article,https://en.wikipedia.org//w/index.php?title=Timeline_of_the_National_Football_League&amp;oldid=833205314
24,when did the nfl teams join the league,nfl teams is contextually unique,definite_article,https://en.wikipedia.org//w/index.php?title=Timeline_of_the_National_Football_League&amp;oldid=833205314
25,when did the nfl teams join the league,league exists,definite_article,https://en.wikipedia.org//w/index.php?title=Timeline_of_the_National_Football_League&amp;oldid=833205314
26,when did the nfl teams join the league,league is contextually unique,definite_article,https://en.wikipedia.org//w/index.php?title=Timeline_of_the_National_Football_League&amp;oldid=833205314
27,when did the nfl teams join the league,there is some point in time that the nfl teams join the league,when_question,https://en.wikipedia.org//w/index.php?title=Timeline_of_the_National_Football_League&amp;oldid=833205314
28,who used to be on good morning america,there is someone that used to be on good morning america,who_question,https://en.wikipedia.org//w/index.php?title=Good_Morning_America&amp;oldid=819400124
29,which civilizations had advanced writing and technology in present day mexico,some civilizations had advanced writing and technology in present day mexico,which_question,https://en.wikipedia.org//w/index.php?title=Mesoamerican_writing_systems&amp;oldid=816694189
30,what did the us do after soviets launched sputnik,us exists,definite_article,https://en.wikipedia.org//w/index.php?title=Sputnik_crisis&amp;oldid=823213847
31,what did the us do after soviets launched sputnik,us is contextually unique,definite_article,https://en.wikipedia.org//w/index.php?title=Sputnik_crisis&amp;oldid=823213847
32,what did the us do after soviets launched sputnik,there is something that did the us do after soviets launched sputnik,what_question,https://en.wikipedia.org//w/index.php?title=Sputnik_crisis&amp;oldid=823213847
33,what country is south of the united states,united states exists,definite_article,https://en.wikipedia.org//w/index.php?title=Southern_United_States&amp;oldid=822349642
34,what country is south of the united states,united states is contextually unique,definite_article,https://en.wikipedia.org//w/index.php?title=Southern_United_States&amp;oldid=822349642
35,what is the significance of jumping over a broom at a wedding,significance of jumping over a broom at a wedding exists,definite_article,https://en.wikipedia.org//w/index.php?title=Jumping_the_broom&amp;oldid=834160907
36,what is the significance of jumping over a broom at a wedding,significance of jumping over a broom at a wedding is contextually unique,definite_article,https://en.wikipedia.org//w/index.php?title=Jumping_the_broom&amp;oldid=834160907
37,what is the significance of jumping over a broom at a wedding,there is something that is the significance of jumping over a broom at a wedding,what_question,https://en.wikipedia.org//w/index.php?title=Jumping_the_broom&amp;oldid=834160907
38,how did the economic role of women change during the civil war,economic role of women exists,definite_article,https://en.wikipedia.org//w/index.php?title=History_of_women_in_the_United_States&amp;oldid=822183230
39,how did the economic role of women change during the civil war,economic role of women is contextually unique,definite_article,https://en.wikipedia.org//w/index.php?title=History_of_women_in_the_United_States&amp;oldid=822183230
40,how did the economic role of women change during the civil war,civil war exists,definite_article,https://en.wikipedia.org//w/index.php?title=History_of_women_in_the_United_States&amp;oldid=822183230
41,how did the economic role of women change during the civil war,civil war is contextually unique,definite_article,https://en.wikipedia.org//w/index.php?title=History_of_women_in_the_United_States&amp;oldid=822183230
42,how did the economic role of women change during the civil war,the economic role of women change during the civil war,how_question,https://en.wikipedia.org//w/index.php?title=History_of_women_in_the_United_States&amp;oldid=822183230
43,how did the economic role of women change during the civil war,there is some way that the economic role of women change during the civil war,how_question,https://en.wikipedia.org//w/index.php?title=History_of_women_in_the_United_States&amp;oldid=822183230
44,where does how to make an american quilt take place,there is some place that how make an american quilt take place,where_question,https://en.wikipedia.org//w/index.php?title=How_to_Make_an_American_Quilt&amp;oldid=830164620
45,where does how to make an american quilt take place,where make an american quilt take place,how_question,https://en.wikipedia.org//w/index.php?title=How_to_Make_an_American_Quilt&amp;oldid=830164620
46,where does how to make an american quilt take place,there is some way that where make an american quilt take place,how_question,https://en.wikipedia.org//w/index.php?title=How_to_Make_an_American_Quilt&amp;oldid=830164620
47,where does the tv show bellvue take place,where does tv show bellvue take place exists,definite_article,https://en.wikipedia.org//w/index.php?title=Bellevue_(TV_series)&amp;oldid=831903853
48,where does the tv show bellvue take place,where does tv show bellvue take place is contextually unique,definite_article,https://en.wikipedia.org//w/index.php?title=Bellevue_(TV_series)&amp;oldid=831903853
49,where does the tv show bellvue take place,bellvue take place,factive_clause_embedding_predicate,https://en.wikipedia.org//w/index.php?title=Bellevue_(TV_series)&amp;oldid=831903853
50,where does the tv show bellvue take place,there is some place that the tv show bellvue take place,where_question,https://en.wikipedia.org//w/index.php?title=Bellevue_(TV_series)&amp;oldid=831903853
51,where is pineapple express supposed to take place,there is some place that take place,where_question,https://en.wikipedia.org//w/index.php?title=Pineapple_Express_(film)&amp;oldid=806751035
52,who said those who live in glass houses,there is someone that said those who live in glass houses,who_question,https://en.wikipedia.org//w/index.php?title=Those_who_live_in_glass_houses_should_not_throw_stones&amp;oldid=792760804
53,who said those who live in glass houses,there is someone that live in glass houses,who_question,https://en.wikipedia.org//w/index.php?title=Those_who_live_in_glass_houses_should_not_throw_stones&amp;oldid=792760804
54,how old is mr feeny from boy meets world,old,how_question,https://en.wikipedia.org//w/index.php?title=William_Daniels&amp;oldid=819352310
55,how old is mr feeny from boy meets world,there is some way that old,how_question,https://en.wikipedia.org//w/index.php?title=William_Daniels&amp;oldid=819352310
56,where do most of the worlds living things live,worlds living things exists,definite_article,https://en.wikipedia.org//w/index.php?title=Life&amp;oldid=807010151#Range_of_tolerance
57,where do most of the worlds living things live,worlds living things is contextually unique,definite_article,https://en.wikipedia.org//w/index.php?title=Life&amp;oldid=807010151#Range_of_tolerance
58,where do most of the worlds living things live,there is some place that most of the worlds living things live,where_question,https://en.wikipedia.org//w/index.php?title=Life&amp;oldid=807010151#Range_of_tolerance
59,where do you go to my lovely full version,there is some place that you go to my lovely full version,where_question,https://en.wikipedia.org//w/index.php?title=Where_Do_You_Go_To_(My_Lovely)%3F&amp;oldid=816929225
60,where do you you go to my lovely,there is some place that you you go to my lovely,where_question,https://en.wikipedia.org//w/index.php?title=Where_Do_You_Go_To_(My_Lovely)%3F&amp;oldid=816929225
61,where did the carbon dioxide come from in the interactive,carbon dioxide exists,definite_article,https://en.wikipedia.org//w/index.php?title=Carbon_dioxide&amp;oldid=838108215
62,where did the carbon dioxide come from in the interactive,carbon dioxide is contextually unique,definite_article,https://en.wikipedia.org//w/index.php?title=Carbon_dioxide&amp;oldid=838108215
63,where did the carbon dioxide come from in the interactive,interactive exists,definite_article,https://en.wikipedia.org//w/index.php?title=Carbon_dioxide&amp;oldid=838108215
64,where did the carbon dioxide come from in the interactive,interactive is contextually unique,definite_article,https://en.wikipedia.org//w/index.php?title=Carbon_dioxide&amp;oldid=838108215
65,where did the carbon dioxide come from in the interactive,there is some place that from in the interactive,where_question,https://en.wikipedia.org//w/index.php?title=Carbon_dioxide&amp;oldid=838108215
66,why did european countries give up their colonies in southeast asia,european countries give up their colonies in southeast asia,why_question,https://en.wikipedia.org//w/index.php?title=European_colonisation_of_Southeast_Asia&amp;oldid=834554703
67,why did european countries give up their colonies in southeast asia,there is some reason that european countries give up their colonies in southeast asia,why_question,https://en.wikipedia.org//w/index.php?title=European_colonisation_of_Southeast_Asia&amp;oldid=834554703
68,who works in a museum or wildlife in a zoo aquarium and nature center,there is someone that works in a museum or wildlife in a zoo aquarium and nature center,who_question,https://en.wikipedia.org//w/index.php?title=Nature_center&amp;oldid=801135599
69,when does stefan turn his humanity back on in season 8,there is some point in time that stefan turn his humanity back on in season 8,when_question,https://en.wikipedia.org//w/index.php?title=Stefan_Salvatore&amp;oldid=837465791
70,when will the curse be broken in once upon a time season 7,not broken before,change_of_state,https://en.wikipedia.org//w/index.php?title=Once_Upon_a_Time_(season_7)&amp;oldid=838402441
71,when will the curse be broken in once upon a time season 7,curse exists,definite_article,https://en.wikipedia.org//w/index.php?title=Once_Upon_a_Time_(season_7)&amp;oldid=838402441
72,when will the curse be broken in once upon a time season 7,curse is contextually unique,definite_article,https://en.wikipedia.org//w/index.php?title=Once_Upon_a_Time_(season_7)&amp;oldid=838402441
73,when will the curse be broken in once upon a time season 7,there is some point in time that the curse be broken in once upon a time season 7,when_question,https://en.wikipedia.org//w/index.php?title=Once_Upon_a_Time_(season_7)&amp;oldid=838402441
74,who were the first disciples to be called,first disciples to be called exists,definite_article,https://en.wikipedia.org/w/index.php?title=Calling_of_the_disciples&amp%3Boldid=789943914
75,who were the first disciples to be called,first disciples to be called is contextually unique,definite_article,https://en.wikipedia.org/w/index.php?title=Calling_of_the_disciples&amp%3Boldid=789943914
76,who were the first disciples to be called,there is someone that were the first disciples to be called,who_question,https://en.wikipedia.org/w/index.php?title=Calling_of_the_disciples&amp%3Boldid=789943914
77,when was the first cell phone call made,first cell phone call made exists,definite_article,https://en.wikipedia.org//w/index.php?title=History_of_mobile_phones&amp;oldid=837953089
78,when was the first cell phone call made,first cell phone call made is contextually unique,definite_article,https://en.wikipedia.org//w/index.php?title=History_of_mobile_phones&amp;oldid=837953089
79,when was the first cell phone call made,there is some point in time that was the first cell phone call made,when_question,https://en.wikipedia.org//w/index.php?title=History_of_mobile_phones&amp;oldid=837953089
80,when is made in chelsea available on 4od,there is some point in time that is made in chelsea available on 4od,when_question,https://en.wikipedia.org//w/index.php?title=Made_in_Chelsea&amp;oldid=837506591
81,who swore in the new deputy prime minister of australia,new deputy prime minister of australia exists,definite_article,https://en.wikipedia.org//w/index.php?title=Deputy_Prime_Minister_of_Australia&amp;oldid=837453035
82,who swore in the new deputy prime minister of australia,new deputy prime minister of australia is contextually unique,definite_article,https://en.wikipedia.org//w/index.php?title=Deputy_Prime_Minister_of_Australia&amp;oldid=837453035
83,who swore in the new deputy prime minister of australia,there is someone that swore in the new deputy prime minister of australia,who_question,https://en.wikipedia.org//w/index.php?title=Deputy_Prime_Minister_of_Australia&amp;oldid=837453035
84,which city had the highest number of english and hindi newspapers in 2012 and 2013,highest number of english and hindi newspapers in 2012 and 2013 exists,definite_article,https://en.wikipedia.org//w/index.php?title=Newspaper_circulation&amp;oldid=815066497
85,which city had the highest number of english and hindi newspapers in 2012 and 2013,highest number of english and hindi newspapers in 2012 and 2013 is contextually unique,definite_article,https://en.wikipedia.org//w/index.php?title=Newspaper_circulation&amp;oldid=815066497
86,which city had the highest number of english and hindi newspapers in 2012 and 2013,some city had the highest number of english and hindi newspapers in 2012 and 2013,which_question,https://en.wikipedia.org//w/index.php?title=Newspaper_circulation&amp;oldid=815066497
87,when do sandhill cranes lay eggs in florida,there is some point in time that sandhill cranes lay eggs in florida,when_question,https://en.wikipedia.org//w/index.php?title=Sandhill_crane&amp;oldid=820625120
88,who argued that as a philosopher he was committed to radical skepticism,there is someone that argued that as a philosopher he was committed to radical skepticism,who_question,https://en.wikipedia.org//w/index.php?title=Philosophical_skepticism&amp;oldid=836862028
89,who makes the most money in a film,most money exists,definite_article,https://en.wikipedia.org//w/index.php?title=List_of_highest-grossing_films&amp;oldid=819523645
90,who makes the most money in a film,most money is contextually unique,definite_article,https://en.wikipedia.org//w/index.php?title=List_of_highest-grossing_films&amp;oldid=819523645
91,who makes the most money in a film,there is someone that makes the most money in a film,who_question,https://en.wikipedia.org//w/index.php?title=List_of_highest-grossing_films&amp;oldid=819523645
92,who said it's a jungle out there,it 's a jungle out there,factive_clause_embedding_predicate,https://en.wikipedia.org//w/index.php?title=It%27s_a_Jungle_Out_There&amp;oldid=430251946
93,who said it's a jungle out there,there is someone that said it 's a jungle out there,who_question,https://en.wikipedia.org//w/index.php?title=It%27s_a_Jungle_Out_There&amp;oldid=430251946
94,where are the blueprints for creating a person stored and communication,blueprints for creating a person stored and communication exists,definite_article,https://en.wikipedia.org//w/index.php?title=Technical_communication&amp;oldid=801714729
95,where are the blueprints for creating a person stored and communication,blueprints for creating a person stored and communication is contextually unique,definite_article,https://en.wikipedia.org//w/index.php?title=Technical_communication&amp;oldid=801714729
96,where are the blueprints for creating a person stored and communication,there is some place that are the blueprints for creating a person stored and communication,where_question,https://en.wikipedia.org//w/index.php?title=Technical_communication&amp;oldid=801714729
97,when was the last time easter was on april 17,last time easter was on april 17 exists,definite_article,https://en.wikipedia.org//w/index.php?title=List_of_dates_for_Easter&amp;oldid=835274731
98,when was the last time easter was on april 17,last time easter was on april 17 is contextually unique,definite_article,https://en.wikipedia.org//w/index.php?title=List_of_dates_for_Easter&amp;oldid=835274731
99,when was the last time easter was on april 17,there is some point in time that was the last time easter was on april 17,when_question,https://en.wikipedia.org//w/index.php?title=List_of_dates_for_Easter&amp;oldid=835274731
100,what government structure did the aztec and inca have in common,aztec and inca exists,definite_article,https://en.wikipedia.org//w/index.php?title=Inca_Empire&amp;oldid=838241193
101,what government structure did the aztec and inca have in common,aztec and inca is contextually unique,definite_article,https://en.wikipedia.org//w/index.php?title=Inca_Empire&amp;oldid=838241193
102,what government structure did the aztec and inca have in common,there is something that government structure,what_question,https://en.wikipedia.org//w/index.php?title=Inca_Empire&amp;oldid=838241193
103,when was the sir robert bond bridge built,sir robert bond bridge exists,definite_article,https://en.wikipedia.org//w/index.php?title=Robert_Bond&amp;oldid=816230749
104,when was the sir robert bond bridge built,sir robert bond bridge is contextually unique,definite_article,https://en.wikipedia.org//w/index.php?title=Robert_Bond&amp;oldid=816230749
105,when was the sir robert bond bridge built,there is some point in time that was,when_question,https://en.wikipedia.org//w/index.php?title=Robert_Bond&amp;oldid=816230749
106,who sold new hampshire to the king of england,king of england exists,definite_article,https://en.wikipedia.org//w/index.php?title=Province_of_New_Hampshire&amp;oldid=813692619
107,who sold new hampshire to the king of england,king of england is contextually unique,definite_article,https://en.wikipedia.org//w/index.php?title=Province_of_New_Hampshire&amp;oldid=813692619
108,who sold new hampshire to the king of england,there is someone that sold new hampshire to the king of england,who_question,https://en.wikipedia.org//w/index.php?title=Province_of_New_Hampshire&amp;oldid=813692619
109,who made the laws in the shang dynasty,laws in the shang dynasty exists,definite_article,https://en.wikipedia.org//w/index.php?title=Shang_dynasty&amp;oldid=836838164
110,who made the laws in the shang dynasty,laws in the shang dynasty is contextually unique,definite_article,https://en.wikipedia.org//w/index.php?title=Shang_dynasty&amp;oldid=836838164
111,who made the laws in the shang dynasty,shang dynasty exists,definite_article,https://en.wikipedia.org//w/index.php?title=Shang_dynasty&amp;oldid=836838164
112,who made the laws in the shang dynasty,shang dynasty is contextually unique,definite_article,https://en.wikipedia.org//w/index.php?title=Shang_dynasty&amp;oldid=836838164
113,who made the laws in the shang dynasty,there is someone that made the laws in the shang dynasty,who_question,https://en.wikipedia.org//w/index.php?title=Shang_dynasty&amp;oldid=836838164
114,who is the new agent on criminal minds,new agent on criminal minds exists,definite_article,https://en.wikipedia.org//w/index.php?title=List_of_Criminal_Minds_characters&amp;oldid=838239001
115,who is the new agent on criminal minds,new agent on criminal minds is contextually unique,definite_article,https://en.wikipedia.org//w/index.php?title=List_of_Criminal_Minds_characters&amp;oldid=838239001
116,who is the new agent on criminal minds,there is someone that is the new agent on criminal minds,who_question,https://en.wikipedia.org//w/index.php?title=List_of_Criminal_Minds_characters&amp;oldid=838239001
117,who were the notable filipino sociologist who help in the propagation of the course,notable filipino sociologist who help in the propagation of the course exists,definite_article,https://en.wikipedia.org//w/index.php?title=Category:Filipino_sociologists&amp;oldid=757245086
118,who were the notable filipino sociologist who help in the propagation of the course,notable filipino sociologist who help in the propagation of the course is contextually unique,definite_article,https://en.wikipedia.org//w/index.php?title=Category:Filipino_sociologists&amp;oldid=757245086
119,who were the notable filipino sociologist who help in the propagation of the course,propagation of the course exists,definite_article,https://en.wikipedia.org//w/index.php?title=Category:Filipino_sociologists&amp;oldid=757245086
120,who were the notable filipino sociologist who help in the propagation of the course,propagation of the course is contextually unique,definite_article,https://en.wikipedia.org//w/index.php?title=Category:Filipino_sociologists&amp;oldid=757245086
121,who were the notable filipino sociologist who help in the propagation of the course,course exists,definite_article,https://en.wikipedia.org//w/index.php?title=Category:Filipino_sociologists&amp;oldid=757245086
122,who were the notable filipino sociologist who help in the propagation of the course,course is contextually unique,definite_article,https://en.wikipedia.org//w/index.php?title=Category:Filipino_sociologists&amp;oldid=757245086
123,who were the notable filipino sociologist who help in the propagation of the course,there is someone that were the notable filipino sociologist who help in the propagation of the course,who_question,https://en.wikipedia.org//w/index.php?title=Category:Filipino_sociologists&amp;oldid=757245086
124,who were the notable filipino sociologist who help in the propagation of the course,there is someone that help in the propagation of the course,who_question,https://en.wikipedia.org//w/index.php?title=Category:Filipino_sociologists&amp;oldid=757245086
125,who had a cousin who was a strong supporter for independence,there is someone that had a cousin who was a strong supporter for independence,who_question,https://en.wikipedia.org//w/index.php?title=John_C._Calhoun&amp;oldid=818976112
126,who had a cousin who was a strong supporter for independence,there is someone that was a strong supporter for independence,who_question,https://en.wikipedia.org//w/index.php?title=John_C._Calhoun&amp;oldid=818976112
127,when do they blow the shofar on the feast of trumpets,shofar exists,definite_article,https://en.wikipedia.org//w/index.php?title=Shofar&amp;oldid=814051459
128,when do they blow the shofar on the feast of trumpets,shofar is contextually unique,definite_article,https://en.wikipedia.org//w/index.php?title=Shofar&amp;oldid=814051459
129,when do they blow the shofar on the feast of trumpets,feast of trumpets exists,definite_article,https://en.wikipedia.org//w/index.php?title=Shofar&amp;oldid=814051459
130,when do they blow the shofar on the feast of trumpets,feast of trumpets is contextually unique,definite_article,https://en.wikipedia.org//w/index.php?title=Shofar&amp;oldid=814051459
131,when do they blow the shofar on the feast of trumpets,there is some point in time that they blow the shofar on the feast of trumpets,when_question,https://en.wikipedia.org//w/index.php?title=Shofar&amp;oldid=814051459
132,who is the man in the high tower,man in the high tower exists,definite_article,https://en.wikipedia.org//w/index.php?title=The_Man_in_the_High_Castle_(TV_series)&amp;oldid=805946337
133,who is the man in the high tower,man in the high tower is contextually unique,definite_article,https://en.wikipedia.org//w/index.php?title=The_Man_in_the_High_Castle_(TV_series)&amp;oldid=805946337
134,who is the man in the high tower,high tower exists,definite_article,https://en.wikipedia.org//w/index.php?title=The_Man_in_the_High_Castle_(TV_series)&amp;oldid=805946337
135,who is the man in the high tower,high tower is contextually unique,definite_article,https://en.wikipedia.org//w/index.php?title=The_Man_in_the_High_Castle_(TV_series)&amp;oldid=805946337
136,who is the man in the high tower,there is someone that is the man in the high tower,who_question,https://en.wikipedia.org//w/index.php?title=The_Man_in_the_High_Castle_(TV_series)&amp;oldid=805946337
137,how many years is a life sentence in delaware,many,how_question,https://en.wikipedia.org//w/index.php?title=List_of_punishments_for_murder_in_the_United_States&amp;oldid=819417246
138,how many years is a life sentence in delaware,there is some way that many,how_question,https://en.wikipedia.org//w/index.php?title=List_of_punishments_for_murder_in_the_United_States&amp;oldid=819417246
139,when does ross live in monica's apartment,there is some point in time that ross live in monica 's apartment,when_question,https://en.wikipedia.org//w/index.php?title=Ross_Geller&amp;oldid=806425155
140,who proposed 30 different suggestions for why crime remained high in some areas,there is someone that proposed 30 different suggestions for why crime remained high in some areas,who_question,https://en.wikipedia.org//w/index.php?title=Social_disorganization_theory&amp;oldid=819230502
141,who proposed 30 different suggestions for why crime remained high in some areas,crime remained high in some areas,why_question,https://en.wikipedia.org//w/index.php?title=Social_disorganization_theory&amp;oldid=819230502
142,who proposed 30 different suggestions for why crime remained high in some areas,there is some reason that crime remained high in some areas,why_question,https://en.wikipedia.org//w/index.php?title=Social_disorganization_theory&amp;oldid=819230502
143,when does jane find out who her father is,who her father is,embedded_question,https://en.wikipedia.org//w/index.php?title=List_of_Jane_the_Virgin_episodes&amp;oldid=837466375
144,when does jane find out who her father is,who her father is,factive_clause_embedding_predicate,https://en.wikipedia.org//w/index.php?title=List_of_Jane_the_Virgin_episodes&amp;oldid=837466375
145,when does jane find out who her father is,there is someone that her father is,who_question,https://en.wikipedia.org//w/index.php?title=List_of_Jane_the_Virgin_episodes&amp;oldid=837466375
146,when does jane find out who her father is,there is some point in time that jane find out who her father is,when_question,https://en.wikipedia.org//w/index.php?title=List_of_Jane_the_Virgin_episodes&amp;oldid=837466375
147,from where does the concept of justiciability originate for the supreme court,concept of justiciability originate for the supreme court exists,definite_article,https://en.wikipedia.org//w/index.php?title=Justiciability&amp;oldid=822795809
148,from where does the concept of justiciability originate for the supreme court,concept of justiciability originate for the supreme court is contextually unique,definite_article,https://en.wikipedia.org//w/index.php?title=Justiciability&amp;oldid=822795809
149,from where does the concept of justiciability originate for the supreme court,supreme court exists,definite_article,https://en.wikipedia.org//w/index.php?title=Justiciability&amp;oldid=822795809
150,from where does the concept of justiciability originate for the supreme court,supreme court is contextually unique,definite_article,https://en.wikipedia.org//w/index.php?title=Justiciability&amp;oldid=822795809
151,from where does the concept of justiciability originate for the supreme court,there is some place that from,where_question,https://en.wikipedia.org//w/index.php?title=Justiciability&amp;oldid=822795809
152,how old is rainbow dash in my little pony,old,how_question,https://en.wikipedia.org//w/index.php?title=List_of_My_Little_Pony_(1986)_characters&amp;oldid=835983549
153,how old is rainbow dash in my little pony,there is some way that old,how_question,https://en.wikipedia.org//w/index.php?title=List_of_My_Little_Pony_(1986)_characters&amp;oldid=835983549
154,what does negan mean in the walking dead,walking exists,definite_article,https://en.wikipedia.org//w/index.php?title=Negan&amp;oldid=819383734
155,what does negan mean in the walking dead,walking is contextually unique,definite_article,https://en.wikipedia.org//w/index.php?title=Negan&amp;oldid=819383734
156,what does negan mean in the walking dead,there is something that does negan mean in the walking dead,what_question,https://en.wikipedia.org//w/index.php?title=Negan&amp;oldid=819383734
157,what is the stock symbol for mars candy,stock symbol for mars candy exists,definite_article,"https://en.wikipedia.org//w/index.php?title=Mars,_Incorporated&amp;oldid=838432748"
158,what is the stock symbol for mars candy,stock symbol for mars candy is contextually unique,definite_article,"https://en.wikipedia.org//w/index.php?title=Mars,_Incorporated&amp;oldid=838432748"
159,what is the stock symbol for mars candy,there is something that is the stock symbol for mars candy,what_question,"https://en.wikipedia.org//w/index.php?title=Mars,_Incorporated&amp;oldid=838432748"
160,who do the patriots play on november 5,patriots exists,definite_article,https://en.wikipedia.org//w/index.php?title=New_England_Patriots&amp;oldid=819266148
161,who do the patriots play on november 5,patriots is contextually unique,definite_article,https://en.wikipedia.org//w/index.php?title=New_England_Patriots&amp;oldid=819266148
162,who do the patriots play on november 5,there is someone that do,who_question,https://en.wikipedia.org//w/index.php?title=New_England_Patriots&amp;oldid=819266148
163,who was the crackhead in menace to society,crackhead in menace exists,definite_article,https://en.wikipedia.org//w/index.php?title=Menace_II_Society&amp;oldid=815506900
164,who was the crackhead in menace to society,crackhead in menace is contextually unique,definite_article,https://en.wikipedia.org//w/index.php?title=Menace_II_Society&amp;oldid=815506900
165,who was the crackhead in menace to society,there is someone that was the crackhead in menace to society,who_question,https://en.wikipedia.org//w/index.php?title=Menace_II_Society&amp;oldid=815506900
166,when was the hanging gardens of babylon completed,hanging gardens of babylon exists,definite_article,https://en.wikipedia.org//w/index.php?title=Hanging_Gardens_of_Babylon&amp;oldid=816891098
167,when was the hanging gardens of babylon completed,hanging gardens of babylon is contextually unique,definite_article,https://en.wikipedia.org//w/index.php?title=Hanging_Gardens_of_Babylon&amp;oldid=816891098
168,when was the hanging gardens of babylon completed,there is some point in time that was the hanging gardens of babylon,when_question,https://en.wikipedia.org//w/index.php?title=Hanging_Gardens_of_Babylon&amp;oldid=816891098
169,what is the name of the goddess of the moon,name of the goddess of the moon exists,definite_article,https://en.wikipedia.org//w/index.php?title=List_of_lunar_deities&amp;oldid=821344224
170,what is the name of the goddess of the moon,name of the goddess of the moon is contextually unique,definite_article,https://en.wikipedia.org//w/index.php?title=List_of_lunar_deities&amp;oldid=821344224
171,what is the name of the goddess of the moon,goddess of the moon exists,definite_article,https://en.wikipedia.org//w/index.php?title=List_of_lunar_deities&amp;oldid=821344224
172,what is the name of the goddess of the moon,goddess of the moon is contextually unique,definite_article,https://en.wikipedia.org//w/index.php?title=List_of_lunar_deities&amp;oldid=821344224
173,what is the name of the goddess of the moon,moon exists,definite_article,https://en.wikipedia.org//w/index.php?title=List_of_lunar_deities&amp;oldid=821344224
174,what is the name of the goddess of the moon,moon is contextually unique,definite_article,https://en.wikipedia.org//w/index.php?title=List_of_lunar_deities&amp;oldid=821344224
175,what is the name of the goddess of the moon,there is something that is the name of the goddess of the moon,what_question,https://en.wikipedia.org//w/index.php?title=List_of_lunar_deities&amp;oldid=821344224
176,how many roles did an actor have in a play,many,how_question,https://en.wikipedia.org//w/index.php?title=Actor&amp;oldid=836109619
177,how many roles did an actor have in a play,there is some way that many,how_question,https://en.wikipedia.org//w/index.php?title=Actor&amp;oldid=836109619
178,when did mulder and scully have a kid,there is some point in time that mulder and scully have a kid,when_question,https://en.wikipedia.org//w/index.php?title=William_(The_X-Files)&amp;oldid=799964440
179,who owns the one ring in real life,one ring in real life exists,definite_article,https://en.wikipedia.org//w/index.php?title=One_Ring&amp;oldid=836603603
180,who owns the one ring in real life,one ring in real life is contextually unique,definite_article,https://en.wikipedia.org//w/index.php?title=One_Ring&amp;oldid=836603603
181,who owns the one ring in real life,there is someone that owns the one ring in real life,who_question,https://en.wikipedia.org//w/index.php?title=One_Ring&amp;oldid=836603603
182,where is the aoss button on the ps4,aoss button on the ps4 exists,definite_article,https://en.wikipedia.org//w/index.php?title=AOSS&amp;oldid=803922071
183,where is the aoss button on the ps4,aoss button on the ps4 is contextually unique,definite_article,https://en.wikipedia.org//w/index.php?title=AOSS&amp;oldid=803922071
184,where is the aoss button on the ps4,ps4 exists,definite_article,https://en.wikipedia.org//w/index.php?title=AOSS&amp;oldid=803922071
185,where is the aoss button on the ps4,ps4 is contextually unique,definite_article,https://en.wikipedia.org//w/index.php?title=AOSS&amp;oldid=803922071
186,where is the aoss button on the ps4,there is some place that is the aoss button on the ps4,where_question,https://en.wikipedia.org//w/index.php?title=AOSS&amp;oldid=803922071
187,what is the difference between hastings essential and hastings direct,difference between hastings essential and hastings exists,definite_article,https://en.wikipedia.org//w/index.php?title=Hastings_Insurance&amp;oldid=809870780
188,what is the difference between hastings essential and hastings direct,difference between hastings essential and hastings is contextually unique,definite_article,https://en.wikipedia.org//w/index.php?title=Hastings_Insurance&amp;oldid=809870780
189,what is the difference between hastings essential and hastings direct,there is something that is the difference between hastings essential and hastings direct,what_question,https://en.wikipedia.org//w/index.php?title=Hastings_Insurance&amp;oldid=809870780
190,what is an acceptable three letter abbreviation for phenylthiocarbamide,there is something that is an acceptable three letter abbreviation for phenylthiocarbamide,what_question,https://en.wikipedia.org//w/index.php?title=Three-letter_acronym&amp;oldid=822180388
191,when does mlb resume after all star break,there is some point in time that mlb resume after all star break,when_question,https://en.wikipedia.org//w/index.php?title=2017_Major_League_Baseball_All-Star_Game&amp;oldid=805208862
192,who played the doctor in band of brothers,doctor exists,definite_article,https://en.wikipedia.org//w/index.php?title=Gilles_Marini&amp;oldid=819462621
193,who played the doctor in band of brothers,doctor is contextually unique,definite_article,https://en.wikipedia.org//w/index.php?title=Gilles_Marini&amp;oldid=819462621
194,who played the doctor in band of brothers,there is someone that played the doctor in band of brothers,who_question,https://en.wikipedia.org//w/index.php?title=Gilles_Marini&amp;oldid=819462621
195,who played the drummer in school of rock,drummer exists,definite_article,https://en.wikipedia.org//w/index.php?title=Tenacious_D&amp;oldid=837200320
196,who played the drummer in school of rock,drummer is contextually unique,definite_article,https://en.wikipedia.org//w/index.php?title=Tenacious_D&amp;oldid=837200320
197,who played the drummer in school of rock,there is someone that played the drummer in school of rock,who_question,https://en.wikipedia.org//w/index.php?title=Tenacious_D&amp;oldid=837200320
198,where does brown fall on the color wheel,color wheel exists,definite_article,https://en.wikipedia.org//w/index.php?title=Brown&amp;oldid=838019699
199,where does brown fall on the color wheel,color wheel is contextually unique,definite_article,https://en.wikipedia.org//w/index.php?title=Brown&amp;oldid=838019699
200,where does brown fall on the color wheel,there is some place that brown fall on the color wheel,where_question,https://en.wikipedia.org//w/index.php?title=Brown&amp;oldid=838019699
201,when did the salvation army come to australia,salvation army exists,definite_article,https://en.wikipedia.org//w/index.php?title=Safe_Schools_Coalition_Australia&amp;oldid=807291945
202,when did the salvation army come to australia,salvation army is contextually unique,definite_article,https://en.wikipedia.org//w/index.php?title=Safe_Schools_Coalition_Australia&amp;oldid=807291945
203,when did the salvation army come to australia,there is some point in time that the salvation army come to australia,when_question,https://en.wikipedia.org//w/index.php?title=Safe_Schools_Coalition_Australia&amp;oldid=807291945
204,who was considered one of the greatest sailors during the history of early china,greatest sailors exists,definite_article,https://en.wikipedia.org//w/index.php?title=History_of_Southeast_Asia&amp;oldid=806026138
205,who was considered one of the greatest sailors during the history of early china,greatest sailors is contextually unique,definite_article,https://en.wikipedia.org//w/index.php?title=History_of_Southeast_Asia&amp;oldid=806026138
206,who was considered one of the greatest sailors during the history of early china,history of early china exists,definite_article,https://en.wikipedia.org//w/index.php?title=History_of_Southeast_Asia&amp;oldid=806026138
207,who was considered one of the greatest sailors during the history of early china,history of early china is contextually unique,definite_article,https://en.wikipedia.org//w/index.php?title=History_of_Southeast_Asia&amp;oldid=806026138
208,who was considered one of the greatest sailors during the history of early china,there is someone that was considered one of the greatest sailors during the history of early china,who_question,https://en.wikipedia.org//w/index.php?title=History_of_Southeast_Asia&amp;oldid=806026138
209,what is the name for the theory that says that public opinion drives the political machine,name for the theory that says that public opinion drives the political machine exists,definite_article,https://en.wikipedia.org//w/index.php?title=Argumentation_theory&amp;oldid=810132684
210,what is the name for the theory that says that public opinion drives the political machine,name for the theory that says that public opinion drives the political machine is contextually unique,definite_article,https://en.wikipedia.org//w/index.php?title=Argumentation_theory&amp;oldid=810132684
211,what is the name for the theory that says that public opinion drives the political machine,theory that says that public opinion drives the political machine exists,definite_article,https://en.wikipedia.org//w/index.php?title=Argumentation_theory&amp;oldid=810132684
212,what is the name for the theory that says that public opinion drives the political machine,theory that says that public opinion drives the political machine is contextually unique,definite_article,https://en.wikipedia.org//w/index.php?title=Argumentation_theory&amp;oldid=810132684
213,what is the name for the theory that says that public opinion drives the political machine,political machine exists,definite_article,https://en.wikipedia.org//w/index.php?title=Argumentation_theory&amp;oldid=810132684
214,what is the name for the theory that says that public opinion drives the political machine,political machine is contextually unique,definite_article,https://en.wikipedia.org//w/index.php?title=Argumentation_theory&amp;oldid=810132684
215,what is the name for the theory that says that public opinion drives the political machine,that public opinion drives the political machine,factive_clause_embedding_predicate,https://en.wikipedia.org//w/index.php?title=Argumentation_theory&amp;oldid=810132684
216,what is the name for the theory that says that public opinion drives the political machine,there is something that is the name for the theory that says that public opinion drives the political machine,what_question,https://en.wikipedia.org//w/index.php?title=Argumentation_theory&amp;oldid=810132684
217,what is the benefit to an organism in biochemically transforming citrate,benefit to an organism in biochemically transforming citrate exists,definite_article,https://en.wikipedia.org//w/index.php?title=Citrate_test&amp;oldid=778096713
218,what is the benefit to an organism in biochemically transforming citrate,benefit to an organism in biochemically transforming citrate is contextually unique,definite_article,https://en.wikipedia.org//w/index.php?title=Citrate_test&amp;oldid=778096713
219,what is the benefit to an organism in biochemically transforming citrate,there is something that is the benefit to an organism in biochemically transforming citrate,what_question,https://en.wikipedia.org//w/index.php?title=Citrate_test&amp;oldid=778096713
220,who has become the first woman chairman of indian bank association,first woman chairman of indian bank association exists,definite_article,https://en.wikipedia.org//w/index.php?title=Chanda_Kochhar&amp;oldid=837453416
221,who has become the first woman chairman of indian bank association,first woman chairman of indian bank association is contextually unique,definite_article,https://en.wikipedia.org//w/index.php?title=Chanda_Kochhar&amp;oldid=837453416
222,who has become the first woman chairman of indian bank association,there is someone that has become the first woman chairman of indian bank association,who_question,https://en.wikipedia.org//w/index.php?title=Chanda_Kochhar&amp;oldid=837453416
223,what made the glider to move over the air track device,glider exists,definite_article,https://en.wikipedia.org//w/index.php?title=Wright_Flyer&amp;oldid=834571552
224,what made the glider to move over the air track device,glider is contextually unique,definite_article,https://en.wikipedia.org//w/index.php?title=Wright_Flyer&amp;oldid=834571552
225,what made the glider to move over the air track device,air track device exists,definite_article,https://en.wikipedia.org//w/index.php?title=Wright_Flyer&amp;oldid=834571552
226,what made the glider to move over the air track device,air track device is contextually unique,definite_article,https://en.wikipedia.org//w/index.php?title=Wright_Flyer&amp;oldid=834571552
227,what made the glider to move over the air track device,there is something that made the glider to move over the air track device,what_question,https://en.wikipedia.org//w/index.php?title=Wright_Flyer&amp;oldid=834571552
228,who plays the crazy lady on days of our lives,crazy lady exists,definite_article,https://en.wikipedia.org//w/index.php?title=Kristen_Bell&amp;oldid=822108144
229,who plays the crazy lady on days of our lives,crazy lady is contextually unique,definite_article,https://en.wikipedia.org//w/index.php?title=Kristen_Bell&amp;oldid=822108144
230,who plays the crazy lady on days of our lives,there is someone that plays the crazy lady on days of our lives,who_question,https://en.wikipedia.org//w/index.php?title=Kristen_Bell&amp;oldid=822108144
231,who authored both on architecture and on painting the first renaissance text on art theory,first renaissance text on art theory exists,definite_article,https://en.wikipedia.org//w/index.php?title=Henry-Russell_Hitchcock&amp;oldid=818874735
232,who authored both on architecture and on painting the first renaissance text on art theory,first renaissance text on art theory is contextually unique,definite_article,https://en.wikipedia.org//w/index.php?title=Henry-Russell_Hitchcock&amp;oldid=818874735
233,who authored both on architecture and on painting the first renaissance text on art theory,there is someone that authored both on architecture and on painting the first renaissance text on art theory,who_question,https://en.wikipedia.org//w/index.php?title=Henry-Russell_Hitchcock&amp;oldid=818874735
234,why is it important to know the discharge of a river,discharge of a river exists,definite_article,https://en.wikipedia.org//w/index.php?title=Jordan_River&amp;oldid=822187465
235,why is it important to know the discharge of a river,discharge of a river is contextually unique,definite_article,https://en.wikipedia.org//w/index.php?title=Jordan_River&amp;oldid=822187465
236,why is it important to know the discharge of a river,is it important know the discharge of a river,why_question,https://en.wikipedia.org//w/index.php?title=Jordan_River&amp;oldid=822187465
237,why is it important to know the discharge of a river,there is some reason that is it important know the discharge of a river,why_question,https://en.wikipedia.org//w/index.php?title=Jordan_River&amp;oldid=822187465
238,what is a good number of inventory turns,there is something that is a good number of inventory,what_question,https://en.wikipedia.org//w/index.php?title=Inventory_turnover&amp;oldid=835857091
239,which statement provides the most accurate description of u.s foreign policy in the 1800s,most accurate description of u.s foreign policy in the 1800s exists,definite_article,https://en.wikipedia.org//w/index.php?title=History_of_United_States_foreign_policy&amp;oldid=838459281
240,which statement provides the most accurate description of u.s foreign policy in the 1800s,most accurate description of u.s foreign policy in the 1800s is contextually unique,definite_article,https://en.wikipedia.org//w/index.php?title=History_of_United_States_foreign_policy&amp;oldid=838459281
241,which statement provides the most accurate description of u.s foreign policy in the 1800s,1800s exists,definite_article,https://en.wikipedia.org//w/index.php?title=History_of_United_States_foreign_policy&amp;oldid=838459281
242,which statement provides the most accurate description of u.s foreign policy in the 1800s,1800s is contextually unique,definite_article,https://en.wikipedia.org//w/index.php?title=History_of_United_States_foreign_policy&amp;oldid=838459281
243,which statement provides the most accurate description of u.s foreign policy in the 1800s,some statement provides the most accurate description of u.s foreign policy in the 1800s,which_question,https://en.wikipedia.org//w/index.php?title=History_of_United_States_foreign_policy&amp;oldid=838459281
244,what is the perfect height for a model,perfect height for a model exists,definite_article,https://en.wikipedia.org//w/index.php?title=Model_(person)&amp;oldid=838100477
245,what is the perfect height for a model,perfect height for a model is contextually unique,definite_article,https://en.wikipedia.org//w/index.php?title=Model_(person)&amp;oldid=838100477
246,what is the perfect height for a model,there is something that is the perfect height for a model,what_question,https://en.wikipedia.org//w/index.php?title=Model_(person)&amp;oldid=838100477
247,how many campaign mission in call of duty ww2,many,how_question,https://en.wikipedia.org//w/index.php?title=Call_of_Duty:_WWII&amp;oldid=822269939
248,how many campaign mission in call of duty ww2,there is some way that many,how_question,https://en.wikipedia.org//w/index.php?title=Call_of_Duty:_WWII&amp;oldid=822269939
249,what were two consequences of the french colonization of haiti,french colonization of haiti exists,definite_article,https://en.wikipedia.org//w/index.php?title=French_colonial_empire&amp;oldid=820011591
250,what were two consequences of the french colonization of haiti,french colonization of haiti is contextually unique,definite_article,https://en.wikipedia.org//w/index.php?title=French_colonial_empire&amp;oldid=820011591
251,what were two consequences of the french colonization of haiti,there is something that were two consequences of the french colonization of haiti,what_question,https://en.wikipedia.org//w/index.php?title=French_colonial_empire&amp;oldid=820011591
252,when was english ivy introduced to the us,us exists,definite_article,https://en.wikipedia.org//w/index.php?title=Hedera_helix&amp;oldid=834228964#United_States
253,when was english ivy introduced to the us,us is contextually unique,definite_article,https://en.wikipedia.org//w/index.php?title=Hedera_helix&amp;oldid=834228964#United_States
254,when was english ivy introduced to the us,there is some point in time that was english ivy introduced to the us,when_question,https://en.wikipedia.org//w/index.php?title=Hedera_helix&amp;oldid=834228964#United_States
255,when is it going to snow in florida again,there is some point in time that it going snow in florida again,when_question,https://en.wikipedia.org//w/index.php?title=Snow_in_Florida&amp;oldid=821364269
256,what is the golden door in the new colossus,golden door in the new colossus exists,definite_article,https://en.wikipedia.org//w/index.php?title=Golden_Door&amp;oldid=679522645
257,what is the golden door in the new colossus,golden door in the new colossus is contextually unique,definite_article,https://en.wikipedia.org//w/index.php?title=Golden_Door&amp;oldid=679522645
258,what is the golden door in the new colossus,new colossus exists,definite_article,https://en.wikipedia.org//w/index.php?title=Golden_Door&amp;oldid=679522645
259,what is the golden door in the new colossus,new colossus is contextually unique,definite_article,https://en.wikipedia.org//w/index.php?title=Golden_Door&amp;oldid=679522645
260,what is the golden door in the new colossus,there is something that is the golden door in the new colossus,what_question,https://en.wikipedia.org//w/index.php?title=Golden_Door&amp;oldid=679522645
261,how many seats are there in indigo flight,many,how_question,https://en.wikipedia.org//w/index.php?title=IndiGo&amp;oldid=838432323
262,how many seats are there in indigo flight,there is some way that many,how_question,https://en.wikipedia.org//w/index.php?title=IndiGo&amp;oldid=838432323
263,what month has the most rain in florida,most rain in florida exists,definite_article,https://en.wikipedia.org//w/index.php?title=Climate_of_Florida&amp;oldid=832705903
264,what month has the most rain in florida,most rain in florida is contextually unique,definite_article,https://en.wikipedia.org//w/index.php?title=Climate_of_Florida&amp;oldid=832705903
265,when does new season of star trek discovery start,there is some point in time that new season of star trek discovery start,when_question,https://en.wikipedia.org//w/index.php?title=Star_Trek:_Discovery&amp;oldid=838430258
266,what is the next comet to pass earth,next comet to pass earth exists,definite_article,https://en.wikipedia.org//w/index.php?title=Halley%27s_Comet&amp;oldid=836093095
267,what is the next comet to pass earth,next comet to pass earth is contextually unique,definite_article,https://en.wikipedia.org//w/index.php?title=Halley%27s_Comet&amp;oldid=836093095
268,what is the next comet to pass earth,there is something that is the next comet to pass earth,what_question,https://en.wikipedia.org//w/index.php?title=Halley%27s_Comet&amp;oldid=836093095
269,where will the all star game be played,all star game exists,definite_article,https://en.wikipedia.org//w/index.php?title=2018_NBA_All-Star_Game&amp;oldid=837978071
270,where will the all star game be played,all star game is contextually unique,definite_article,https://en.wikipedia.org//w/index.php?title=2018_NBA_All-Star_Game&amp;oldid=837978071
271,where will the all star game be played,there is some place that the all star game be played,where_question,https://en.wikipedia.org//w/index.php?title=2018_NBA_All-Star_Game&amp;oldid=837978071
272,where is the acc championship game being played tonight,acc championship game exists,definite_article,https://en.wikipedia.org//w/index.php?title=2017_ACC_Championship_Game&amp;oldid=830146878
273,where is the acc championship game being played tonight,acc championship game is contextually unique,definite_article,https://en.wikipedia.org//w/index.php?title=2017_ACC_Championship_Game&amp;oldid=830146878
274,where is the acc championship game being played tonight,there is some place that ,where_question,https://en.wikipedia.org//w/index.php?title=2017_ACC_Championship_Game&amp;oldid=830146878
275,who has man city lost against this season,there is someone that has man city lost against this season,who_question,https://en.wikipedia.org//w/index.php?title=2017%E2%80%9318_Manchester_City_F.C._season&amp;oldid=838153389
276,where do the arizona cardinals play this week,arizona cardinals exists,definite_article,https://en.wikipedia.org//w/index.php?title=2017_Arizona_Cardinals_season&amp;oldid=822086267
277,where do the arizona cardinals play this week,arizona cardinals is contextually unique,definite_article,https://en.wikipedia.org//w/index.php?title=2017_Arizona_Cardinals_season&amp;oldid=822086267
278,where do the arizona cardinals play this week,there is some place that the arizona cardinals play this week,where_question,https://en.wikipedia.org//w/index.php?title=2017_Arizona_Cardinals_season&amp;oldid=822086267
279,how far is skipper's virginia from here,far,how_question,https://en.wikipedia.org//w/index.php?title=Interstate_95_in_Virginia&amp;oldid=804062287
280,how far is skipper's virginia from here,there is some way that far,how_question,https://en.wikipedia.org//w/index.php?title=Interstate_95_in_Virginia&amp;oldid=804062287
281,where is the world series being held at this year,world series exists,definite_article,https://en.wikipedia.org//w/index.php?title=2017_World_Series&amp;oldid=822322227
282,where is the world series being held at this year,world series is contextually unique,definite_article,https://en.wikipedia.org//w/index.php?title=2017_World_Series&amp;oldid=822322227
283,where is the world series being held at this year,there is some place that is the world series being held at this year,where_question,https://en.wikipedia.org//w/index.php?title=2017_World_Series&amp;oldid=822322227
