where did the expression with a grain of salt come from,come,9
where did the expression with a grain of salt come from,do,1
who are the characters in the black cat,be,1
why must one value in every table be unique,be,7
what does the greek word onta mean in english,mean,6
what does the greek word onta mean in english,do,1
when do other cultures celebrate the new year,celebrate,4
when do other cultures celebrate the new year,do,1
what happens in a mixture (write two sentences that state what happens in a mixture.),happen,1
what kind of food do you eat on christmas,eat,6
what is the meaning of source for historians,be,1
when did the nfl teams join the league,join,5
who used to be on good morning america,use,1
which civilizations had advanced writing and technology in present day mexico,have,2
what did the us do after soviets launched sputnik,do,4
what country is south of the united states,be,2
what is the significance of jumping over a broom at a wedding,be,2
how did the economic role of women change during the civil war,change,7
what type of volcano is one tree hill,be,4
where does how to make an american quilt take place,make,4
where does how to make an american quilt take place,do,1
where does the tv show bellvue take place,take,6
where is pineapple express supposed to take place,suppose,4
who said those who live in glass houses,say,1
how old is mr feeny from boy meets world,meet,7
where do most of the worlds living things live,live,8
where do you go to my lovely full version,go,3
where do you you go to my lovely,go,4
where did the carbon dioxide come from in the interactive,come,5
why did european countries give up their colonies in southeast asia,give,4
who works in a museum or wildlife in a zoo aquarium and nature center,work,1
when does stefan turn his humanity back on in season 8,turn,3
when will the curse be broken in once upon a time season 7,break,5
who were the first disciples to be called,be,6
when was the first cell phone call made,make,7
when is made in chelsea available on 4od,make,2
who swore in the new deputy prime minister of australia,swear,1
which city had the highest number of english and hindi newspapers in 2012 and 2013,have,2
when do sandhill cranes lay eggs in florida,lie,4
who argued that as a philosopher he was committed to radical skepticism,argue,1
who makes the most money in a film,make,1
who said it's a jungle out there,say,1
where are the blueprints for creating a person stored and communication,be,1
when was the last time easter was on april 17,be,1
when was the last time easter was on april 17,be,6
what government structure did the aztec and inca have in common,do,3
when was the sir robert bond bridge built,be,1
who sold new hampshire to the king of england,sell,1
who made the laws in the shang dynasty,make,1
who is the new agent on criminal minds,be,1
who were the notable filipino sociologist who help in the propagation of the course,be,1
who had a cousin who was a strong supporter for independence,have,1
when do they blow the shofar on the feast of trumpets,blow,3
who is the man in the high tower,be,1
how many years is a life sentence in delaware,be,3
when does ross live in monica's apartment,live,3
who proposed 30 different suggestions for why crime remained high in some areas,propose,1
when does jane find out who her father is,find,3
from where does the concept of justiciability originate for the supreme court,originate,7
how old is rainbow dash in my little pony,be,2
what does negan mean in the walking dead,mean,3
what is the stock symbol for mars candy,be,1
who do the patriots play on november 5,play,4
who was the crackhead in menace to society,be,1
when was the hanging gardens of babylon completed,be,1
what is the name of the goddess of the moon,be,1
how many roles did an actor have in a play,have,6
when did mulder and scully have a kid,do,1
who owns the one ring in real life,own,1
where is the aoss button on the ps4,be,1
what is the difference between hastings essential and hastings direct,be,1
what is an acceptable three letter abbreviation for phenylthiocarbamide,be,1
what type of cell doesnt have a cell wall,have,5
when does mlb resume after all star break,do,1
who played the doctor in band of brothers,play,1
who played the drummer in school of rock,play,1
where does brown fall on the color wheel,fall,3
when did the salvation army come to australia,come,5
who was considered one of the greatest sailors during the history of early china,consider,2
what is the name for the theory that says that public opinion drives the political machine,be,1
what is the benefit to an organism in biochemically transforming citrate,be,1
who has become the first woman chairman of indian bank association,become,2
what made the glider to move over the air track device,make,1
who plays the crazy lady on days of our lives,play,1
who authored both on architecture and on painting the first renaissance text on art theory,author,1
why is it important to know the discharge of a river,be,1
what is a good number of inventory turns,turn,1
which statement provides the most accurate description of u.s foreign policy in the 1800s,provide,1
what is the perfect height for a model,be,1
how many campaign missions are in call of duty ww2,be,4
what were two consequences of the french colonization of haiti,be,1
when was english ivy introduced to the us,introduce,4
when is it going to snow in florida again,go,3
what is the golden door in the new colossus,be,1
how many seats are there in indigo flight,be,3
what month has the most rain in florida,have,2
when does new season of star trek discovery start,start,8
what is the next comet to pass earth,be,1
where will the all star game be played,play,7
where is the acc championship game being played tonight,play,7
who has man city lost against this season,have,1
where do the arizona cardinals play this week,play,5
how far is skipper's virginia from here,be,2
where is the world series being held at this year,hold,6
what kind of vw jetta do i have,have,7
